ACCURACY,BATCH_SIZE,EPOCHS,LEARNING_RATE,MU,SIGMA
0.058349484851576046,16,15,0.0001,0,1
0,0.9083953891969829,64,15,0.003,0,0.03
